Fold Number,Training Loss,Validation Loss
1,0.0,0.02547770700636942
2,0.0,0.04458598726114649
3,0.0,0.019108280254777066
4,0.0,0.05095541401273884
5,0.0,0.038461538461538436
